source (relative to the backup folder),r2_key
wp-content/uploads/Messages/Wheat and Tares IV.mp3,sermons/2025/wheat-vs-tares-iv.m4a
wp-content/uploads/Messages/Wheat vs tares 2.mp3,sermons/2025/the-wheat-versus-the-tares-ii.m4a
wp-content/uploads/Messages/Wheat or Tares 1.mp3,sermons/2025/the-hidden-truth-of-the-wheat-and-tares-parable-i.m4a
wp-content/uploads/Messages/Walking and growing in the grace of the Lord.mp3,sermons/2025/walking-and-growing-in-grace.m4a
wp-content/uploads/Messages/Parable of the sower 3.mp3,sermons/2024/parable-of-the-sower-renewing-your-mind-3.m4a
wp-content/uploads/Messages/Parable of Sower 1.mp3,sermons/2024/the-power-of-renewing-your-mind.m4a
wp-content/uploads/Messages/The foundation of my faith Q&A II.mp3,sermons/2024/the-foundation-of-my-faith-qa-ii.m4a
wp-content/uploads/Messages/The foundation of my faith - Q&A I.mp3,sermons/2024/the-foundation-of-my-faith-qa-i.m4a
wp-content/uploads/Messages/The foundation of my faith VIII.mp3,sermons/2024/the-foundation-of-my-faith-viii.m4a
wp-content/uploads/Messages/The foundation of my faith 7.mp3,sermons/2024/the-foundation-of-my-faith-vii.m4a
wp-content/uploads/Messages/Foundation of my faith Vi.mp3,sermons/2024/the-foundation-of-my-faith-vi.m4a
wp-content/uploads/Messages/The Foundation of my Faith V.mp3,sermons/2024/the-foundation-of-my-faith-v.m4a
wp-content/uploads/Messages/The foundation of my faith IV.mp3,sermons/2024/the-foundation-of-my-faith-iv.m4a
wp-content/uploads/Messages/The foundation of my faith III.mp3,sermons/2024/the-foundations-of-my-faith-iii.m4a
wp-content/uploads/Messages/The Foundation of my life ii.mp3,sermons/2024/the-foundations-of-my-heart-ii.m4a
wp-content/uploads/Messages/The foundation of my faith.mp3,sermons/2023/the-foundation-of-my-faith.m4a
wp-content/uploads/Messages/The articles needed to host the presence of God Q&A.mp3,sermons/2023/the-articles-needed-to-host-the-divine-presence-qa.m4a
wp-content/uploads/Messages/The Articles needed to host the divine presence Pt 2.mp3,sermons/2023/the-articles-needed-to-host-the-divine-presence-pt-2.m4a
wp-content/uploads/Messages/The Articles Needed to Host the Divine Presence of God.mp3,sermons/2023/the-articles-needed-to-host-the-divine-presence-of-god.m4a
wp-content/uploads/Messages/The Believer- A Terror in the Heart of the Enemy .mp3,sermons/2023/the-believer-a-terror-in-the-heart-of-the-enemy.m4a
wp-content/uploads/Messages/Heaven's chrome book - Bro Tolu.mp3,sermons/2023/living-with-the-holy-spirit-as-your-cloud.m4a
wp-content/uploads/Messages/Staying fresh by the waters.mp3,sermons/2023/built-to-last-staying-fresh-by-the-ministry-of-the-flowing-waters.m4a
wp-content/uploads/Messages/A city compact together.mp3,sermons/2023/built-to-last-a-city-compact-together.m4a
wp-content/uploads/Messages/A people zealous for good works.mp3,sermons/2023/built-to-last-a-people-zealous-for-good-works.m4a
wp-content/uploads/Messages/The life of a believer - Humility.mp3,sermons/2023/the-life-of-a-believer-humility.m4a
wp-content/uploads/Messages/The life of a believer- Why Pray - Bro Idunor.mp3,sermons/2023/the-life-of-a-believer-the-biggest-problem-of-man.m4a
wp-content/uploads/Messages/The life of a believer - prayer.mp3,sermons/2023/the-life-of-a-believer-prayer.m4a
wp-content/uploads/Messages/Built to last IV.mp3,sermons/2023/built-to-last-cultivating-the-davidic-spirit-the-king-maker.m4a
wp-content/uploads/Messages/Built to last III.mp3,sermons/2023/built-to-last-iii-cultivating-the-davidic-spirit-the-shepherd.m4a
wp-content/uploads/Messages/Built to last II.mp3,sermons/2023/built-to-last-a-church-going-from-strength-to-strength.m4a
wp-content/uploads/Messages/built to last I.mp3,sermons/2023/built-to-last-from-strength-to-strength.m4a
wp-content/uploads/Messages/Go for it all the more.mp3,sermons/2023/go-for-it-all-the-more.m4a
wp-content/uploads/Messages/There is more to me than meets the eye V.mp3,sermons/2023/activating-the-economy-of-the-spoken-word-iii.m4a
wp-content/uploads/Messages/There is more to me than meets the eye IV.mp3,sermons/2023/activating-the-economy-of-the-spoken-word-ii.m4a
wp-content/uploads/Messages/There is more to me than meets the eye IV.mp3,sermons/2023/unravelling-the-sin-nature-activating-the-economy-of-the-spoken-word.m4a
wp-content/uploads/Messages/The Corporate Structure for Warfare.mp3,sermons/2023/the-cooperate-structure-of-warfare-ii.m4a
wp-content/uploads/Messages/There is more to me than meets the eye 3.mp3,sermons/2023/there-is-more-to-me-than-meets-the-eye-iii.m4a
wp-content/uploads/Messages/There is more to me than meets the eye 2.mp3,sermons/2023/there-is-more-to-me-than-meets-the-eye-2.m4a
wp-content/uploads/Messages/There Is More to Me Than Meets the Eye.mp3,sermons/2023/there-is-more-to-me-than-meets-the-eye.m4a
wp-content/uploads/Messages/Christ the perfect sacrifice.mp3,sermons/2023/christ-the-perfect-sacrifice-entrance-to-the-presence-of-the-lord.m4a
wp-content/uploads/Messages/That your Joy may be full.mp3,sermons/2023/that-your-joy-may-be-full.m4a
wp-content/uploads/Messages/The need for the revelation of Jesus.mp3,sermons/2023/the-need-for-the-revelation-of-jesus-christ.m4a
wp-content/uploads/Messages/The Word of God.mp3,sermons/2023/the-word-of-god.m4a
wp-content/uploads/Messages/Be strong and courageous.mp3,sermons/2023/be-strong-and-courageous-speak-the-word-and-confront-your-circumstance.m4a
wp-content/uploads/Messages/The Path of Life.mp3,sermons/2023/the-path-of-life.m4a
wp-content/uploads/Messages/Activating our Spiritual senses IV.mp3,sermons/2023/activating-your-spiritual-senses-iv.m4a
wp-content/uploads/Messages/Activating your Spiritual senses III.mp3,sermons/2023/activating-your-spiritual-senses-iii.m4a
wp-content/uploads/Messages/Activating Spiritual Senses II.mp3,sermons/2023/activating-your-spiritual-senses-ii.m4a
wp-content/uploads/Messages/Activating your Spiritual Senses.mp3,sermons/2023/activating-your-spiritual-senses.m4a
wp-content/uploads/Messages/Developing intimacy with God.mp3,sermons/2023/day-3-teaching-on-prayer-and-developing-intimacy-with-god.m4a
wp-content/uploads/Messages/Conference Day 2 - Morning.mp3,sermons/2023/exploring-bible-covenants-and-sacrifices-their-significance-for-believers.m4a
wp-content/uploads/Messages/Conference Day 2 - Afternoon.mp3,sermons/2023/winnipeg-conference-day-2-qa.m4a
wp-content/uploads/Messages/Conference day 1.mp3,sermons/2023/amos-unique-end-time-growth-planting-and-harvest-happen-together.m4a
wp-content/uploads/Messages/The latter day reconciliation ministry of little Benjamin - Q&A.mp3,sermons/2023/the-latter-day-reconciliation-ministry-of-little-benjamin-qa.m4a
wp-content/uploads/Messages/The reconciliation ministry of little benjamin.mp3,sermons/2023/the-latter-day-reconciliation-ministry-of-little-benjamin-v-2.m4a
wp-content/uploads/Messages/The two types of Seed.mp3,sermons/2023/the-two-types-of-seed.m4a
wp-content/uploads/Messages/The Latter day reconciliation ministry of little Benjamin V.mp3,sermons/2023/the-latter-day-reconciliation-ministry-of-little-benjamin-v.m4a
wp-content/uploads/Messages/The Latter Day Reconcilliation ministry of little benjamin 4.mp3,sermons/2023/the-latter-day-reconciliation-ministry-of-little-benjamin-iv.m4a
wp-content/uploads/Messages/The latter day reconciliation ministry of little benjamin III.mp3,sermons/2023/the-latter-day-reconciliation-ministry-of-little-benjamin-iii.m4a
wp-content/uploads/Messages/The Latter day Reconciliation ministry of little Benjamin II.mp3,sermons/2023/the-latter-day-reconciliation-ministry-of-little-benjamin-ii.m4a
wp-content/uploads/Messages/The Passover .mp3,sermons/2023/the-passover-a-new-begenning-ii-exhortation.m4a
wp-content/uploads/Messages/The Blood of the Passover.mp3,sermons/2023/the-passover-a-new-beginning-exhortation.m4a
wp-content/uploads/Messages/The latter day reconciliation ministry of little benjamin.mp3,sermons/2023/the-latter-day-reconciliation-ministry-of-little-benjamin.m4a
wp-content/uploads/Messages/Experiencing the life of the Holy Spirit III.mp3,sermons/2023/experiencing-the-life-of-the-holy-spirit-iii.m4a
wp-content/uploads/Messages/The atmosphere of holy peer pressure.mp3,sermons/2023/experiencing-the-life-of-the-holy-spirit-ii-the-atmosphere-of-holy-peer-pressure.m4a
wp-content/uploads/Messages/Experiencing the life of the Holy Spirit I.mp3,sermons/2023/experiencing-the-life-of-the-holy-spirit-i.m4a
wp-content/uploads/Messages/What is God doing III - The four watches.mp3,sermons/2023/what-is-god-doing-the-four-watches.m4a
wp-content/uploads/Messages/Abiding in Him.mp3,sermons/2023/abiding-in-him.m4a
wp-content/uploads/Messages/Abide in me.mp3,sermons/2023/abide-in-me.m4a
wp-content/uploads/Messages/What is God doing II.mp3,sermons/2023/what-is-god-doing-ii-the-four-watches.m4a
wp-content/uploads/Messages/New Year Service - What is God doing.mp3,sermons/2023/what-is-god-doing-new-year-2023.m4a
wp-content/uploads/Messages/Abide in me - 2023 and beyond charge .m4a,sermons/2022/cross-over-2023-abide-in-me.m4a
wp-content/uploads/Messages/Exhortation - Understanding our hope.mp3,sermons/2022/exhortation-the-hope-we-have-in-god.m4a
wp-content/uploads/Messages/Exhortation - Deception in the house of God.mp3,sermons/2022/exhortation-ensuring-the-hope-of-our-calling-deception-in-the-church.m4a
wp-content/uploads/Messages/Q&A - The Kingdom Reality 3.mp3,sermons/2022/qa-the-kingdom-reality-3.m4a
wp-content/uploads/Messages/Q&A - The Kingdom Reality 2.mp3,sermons/2022/qa-the-kingdom-reality.m4a
wp-content/uploads/Messages/Q&A - The Kingdom Reality.mp3,sermons/2022/the-kingdom-reality-qa.m4a
wp-content/uploads/Messages/The Kingdom Reality X.mp3,sermons/2022/the-kingdom-reality-x.m4a
wp-content/uploads/Messages/The Resurrection Reality in the Gospel.mp3,sermons/2022/the-resurrection-reality-in-the-gospel.m4a
wp-content/uploads/Messages/The Kingdom Reality IX.mp3,sermons/2022/the-kingdom-reality-ix-possessing-the-kingdom.m4a
wp-content/uploads/Messages/The Kingdom Reality VIII.mp3,sermons/2022/the-kingdom-reality-viii.m4a
wp-content/uploads/Messages/The Kingdom Reality VII.mp3,sermons/2022/the-kingdom-reality-vii.m4a
wp-content/uploads/Messages/The Kingdom Reality Vi.mp3,sermons/2022/the-kingdom-reality-vi.m4a
wp-content/uploads/Messages/Bearing fruits after His Kind.mp3,sermons/2022/bearing-fruits-after-his-kind.m4a
wp-content/uploads/Messages/Moses: A type of Us .m4a,sermons/2022/moses-a-type-of-us.m4a
wp-content/uploads/Messages/The Kingdom Reality 3.mp3,sermons/2022/the-kingdom-reality-v.m4a
wp-content/uploads/Messages/The Kingdom Reality IV.mp3,sermons/2022/the-kingdom-reality-iv.m4a
wp-content/uploads/Messages/The Kingdom Reality Recap..mp3,sermons/2022/the-kingdom-reality-recap.m4a
wp-content/uploads/Messages/The Kingdom Reality II.mp3,sermons/2022/the-kingdom-reality-iii.m4a
wp-content/uploads/Messages/The Kingdom Reality II.mp3,sermons/2022/the-kingdom-reality-ii.m4a
wp-content/uploads/Messages/The Kingdom Reality.mp3,sermons/2022/the-kingdom-reality.m4a
wp-content/uploads/Messages/Love - the order of service to the house of God and to those without.m4a,sermons/2022/love-the-order-of-service-to-the-house-of-god-and-to-those-without.m4a
wp-content/uploads/Messages/Maintaining the sent mentality.mp3,sermons/2022/maintaining-the-sent-mentality.m4a
wp-content/uploads/Messages/The Battle within II.mp3,sermons/2022/the-battle-within-and-without-ii.m4a
wp-content/uploads/Messages/The Battles within and without.m4a,sermons/2022/the-battles-within-and-without.m4a
wp-content/uploads/Messages/Why pray.mp3,sermons/2022/why-pray.m4a
wp-content/uploads/Messages/The Law of Love. Bro Idunnor.m4a,sermons/2022/the-law-of-love.m4a
wp-content/uploads/Messages/The Pearl of great Price.mp3,sermons/2022/the-pearl-of-great-price.m4a
"wp-content/uploads/Messages/Body Ministry - Heirs of God, joint heirs with Christ.mp3",sermons/2022/exhortations-from-various-ministers.m4a
wp-content/uploads/Messages/The Kind of man God will rest upon - 8.mp3,sermons/2022/the-kind-of-man-god-will-rest-upon-viii.m4a
wp-content/uploads/Messages/The Kind of Man God will rest upon 7.mp3,sermons/2022/the-kind-of-man-god-will-rest-upon-7.m4a
wp-content/uploads/Messages/The blessed Man.mp3,sermons/2022/the-blessed-man.m4a
wp-content/uploads/Messages/Heirs of God - Joint heirs with Christ.mp3,sermons/2022/heirs-of-god-and-joint-heirs-with-christ.m4a
wp-content/uploads/Messages/El Elohe Israel.mp3,sermons/2022/el-elohe-israel.m4a
wp-content/uploads/Messages/The fear of the Lord - 1.mp3,sermons/2022/the-fear-of-the-lord-i.m4a
wp-content/uploads/Messages/The Kind of man God will rest upon 6.mp3,sermons/2022/the-kind-of-man-god-will-rest-upon-vi.m4a
wp-content/uploads/Messages/Hope - Exhortation.mp3,sermons/2022/the-hope.m4a
wp-content/uploads/Messages/The Kind of man God will rest upon 5.mp3,sermons/2022/the-kind-of-man-that-god-will-rest-upon-5.m4a
wp-content/uploads/Messages/The Kind of man God will rest upon 4.mp3,sermons/2022/the-kind-of-man-god-will-rest-upon-iv.m4a
wp-content/uploads/Messages/The Kind of man God will rest upon 2.mp3,sermons/2022/the-kind-of-man-god-will-rest-upon-ii.m4a
wp-content/uploads/Messages/Prevailingprayer to rest.mp3,sermons/2022/prevailing-prayer-to-rest-field-of-anathoth-answered-prayers.m4a
wp-content/uploads/Messages/The kind of man that God will rest upon.mp3,sermons/2022/the-kind-of-man-god-will-rest-upon.m4a
wp-content/uploads/Messages/Empowered to become 3.mp3,sermons/2022/empowered-by-faith.m4a
wp-content/uploads/Messages/Empowered to become 2.mp3,sermons/2022/empowered-to-become-ii.m4a
wp-content/uploads/Messages/Empowered to become 1.mp3,sermons/2022/empowered-to-become-i.m4a
wp-content/uploads/Messages/Prophetic Significance of this way Q&A.mp3,sermons/2022/the-prophetic-significance-of-this-way-qa.m4a
wp-content/uploads/Messages/The prophetic implication of this way XI.mp3,sermons/2022/the-prophetic-significance-of-this-way-xi.m4a
wp-content/uploads/Messages/Prophetic implications of this way 10.mp3,sermons/2022/the-prophetic-significance-of-this-way-x.m4a
wp-content/uploads/Messages/The Prophetic implication of this way 9.mp3,sermons/2022/the-prophetic-significance-of-this-way-ix.m4a
wp-content/uploads/Messages/The Prophetic implications of this way VII.mp3,sermons/2022/the-prophetic-significance-of-this-way-vii.m4a
wp-content/uploads/Messages/The Prophetic implication of this way VI.mp3,sermons/2022/the-prophetic-significance-of-this-way-vi.m4a
wp-content/uploads/Messages/Harvest Day 3 Q&A.mp3,sermons/2022/the-harvest-and-the-rain-qa.m4a
wp-content/uploads/Messages/Preparing for the harvest day 3 (Bro Ebuta).mp3,sermons/2022/the-character-of-the-harvest-and-the-rain.m4a
wp-content/uploads/Messages/the prophetic significance of this way 5.mp3,sermons/2022/the-prophetic-significance-of-this-way-v.m4a
wp-content/uploads/Messages/The Prophetic implication of this way 3.mp3,sermons/2022/the-prophetic-significance-of-this-way-iv.m4a
wp-content/uploads/Messages/The Prophetic Implications of this way 3.mp3,sermons/2022/the-prophetic-significance-of-this-way-iii.m4a
wp-content/uploads/Messages/Prophetic significance of this way II.mp3,sermons/2021/the-prophetic-significance-of-this-way-ii.m4a
wp-content/uploads/Messages/Prophetic implication of the way.mp3,sermons/2021/the-prophetic-significance-of-this-way-i.m4a
wp-content/uploads/Messages/The Kongdom of God.mp3,sermons/2021/the-kingdom-of-god.m4a
wp-content/uploads/Messages/The WAY OF THE WAYFARERS Q&A.mp3,sermons/2021/the-way-of-the-wayfarers-q-a.m4a
wp-content/uploads/Messages/Original Sin and the work of grace.mp3,sermons/2021/original-sin-and-the-work-of-grace-through-faith.m4a
wp-content/uploads/Messages/Oneness in the body..mp3,sermons/2021/oneness-in-the-body-exhortation.m4a
wp-content/uploads/Messages/The way of the wayfarers 7.mp3,sermons/2021/the-way-of-the-wayfarers-7.m4a
wp-content/uploads/Messages/The Way of the Wayfarers 6.mp3,sermons/2021/the-way-of-the-wayfarers-6.m4a
wp-content/uploads/Messages/Way of the wayfarers 5.mp3,sermons/2021/the-way-of-the-wayfarers-5.m4a
wp-content/uploads/Messages/Way of the Wayfarers 4.mp3,sermons/2021/the-way-of-the-wayfarers-4.m4a
wp-content/uploads/Messages/The way of the wayfarers 4.mp3,sermons/2021/the-way-of-the-wayfarers-3.m4a
wp-content/uploads/Messages/The way of the way farers - 2.mp3,sermons/2021/the-way-of-the-wayfares-2.m4a
wp-content/uploads/Messages/The way of the wayfarers.m4a,sermons/2021/the-way-of-the-wayfarers.m4a
wp-content/uploads/Messages/The Lord is gathering His cloud 2.mp3,sermons/2021/god-is-gathering-his-cloud-2.m4a
wp-content/uploads/Messages/Gathering of the clouds - A charge for the house.mp3,sermons/2021/gathering-of-the-clouds-a-charge-to-the-house.m4a
wp-content/uploads/Messages/Q&A The blood.mp3,sermons/2021/qa-the-blood-of-the-everlasting-covenant.m4a
wp-content/uploads/Messages/Q&A-  preparing for the marriage supper.mp3,sermons/2021/qa-preparing-for-the-marriage-supper.m4a
wp-content/uploads/Messages/The tabernacle- Exhortation.mp3,sermons/2021/the-tabernacle-exhortation.m4a
wp-content/uploads/Messages/A man in true honour Q & A.mp3,sermons/2021/qa-the-man-in-true-honour.m4a
wp-content/uploads/Messages/The man in true honour.m4a,sermons/2021/the-man-in-true-honour.m4a
wp-content/uploads/Messages/The Perfection of our faith- Q&A 5.mp3,sermons/2021/the-perfection-of-our-faith-qa-5.m4a
wp-content/uploads/Messages/The Perfection of our faith Q&A 4.mp3,sermons/2021/the-perfection-of-our-faith-q-a-4-the-first-fruit-and-the-rain.m4a
wp-content/uploads/Messages/The Perfection of our faith - Q&A 3.mp3,sermons/2021/the-perfection-of-our-faith-qa-3.m4a
wp-content/uploads/Messages/The perfection of our faith- Q&A 2.mp3,sermons/2021/the-perfection-of-our-faith-qa-2.m4a
wp-content/uploads/Messages/The perfection of our faith Q&A.mp3,sermons/2021/the-perfection-of-our-faith-q-a.m4a
wp-content/uploads/Messages/The perfection of our faith Finale.mp3,sermons/2021/the-perfection-of-our-faith-seven-indicator-blocks-to-confirm-the-great-hope-charity.m4a
wp-content/uploads/Messages/The Perfection of our faith- 9.mp3,sermons/2021/the-perfection-of-our-faith-seven-indicator-blocks-to-confirm-the-great-hope-brotherly-kindness-9.m4a
wp-content/uploads/Messages/The Perfection of our faith - Via God pt 7.mp3,sermons/2021/the-perfection-of-our-faith-seven-indicator-blocks-to-confirm-the-great-hope-7-via-god.m4a
wp-content/uploads/Messages/The Perfection of our Faith-6.mp3,sermons/2021/the-perfection-of-our-faith-7-indicator-blocks-to-confirm-the-great-hope-6-temperance-and-patience.m4a
wp-content/uploads/Messages/The Perfection of our faith-6.mp3,sermons/2021/the-perfection-of-our-faith-seven-indicator-blocks-to-confirm-the-great-hope-6-knowledge.m4a
wp-content/uploads/Messages/The perfection of our faith. Seven indicator blocks to confirm the great hope-5.mp3,sermons/2021/the-perfection-of-our-faith-seven-indicator-blocks-to-confirm-the-great-hope-5-virtue.m4a
wp-content/uploads/Messages/The Perfection of our Faith - 4.mp3,sermons/2021/the-perfection-of-our-faith-7-indicator-blocks-to-confirm-the-great-hope-4.m4a
wp-content/uploads/Messages/The Perfection of our Faith- 3.mp3,sermons/2021/the-perfection-of-our-faith-seven-indicator-blocks-to-confirming-the-great-hope.m4a
wp-content/uploads/Messages/The perfection of our faith - Chidera (Part 2).m4a,sermons/2021/the-perfection-of-our-faith-7-indicator-blocks-to-confirm-the-great-hope.m4a
wp-content/uploads/Messages/The perfection of our faith: 7 indicator blocks to confirm the great hope.m4a,sermons/2021/the-perfection-of-our-faith-7-indicator-block-to-confirm-the-great-hope.m4a
wp-content/uploads/Messages/Living in Gods sight- Staying in the environment of His breath.m4a,sermons/2021/living-in-gods-sight-staying-in-the-environment-of-gods-breath.m4a
wp-content/uploads/Messages/Grace Redefined- 7.m4a,sermons/2021/grace-redefined-7.m4a
wp-content/uploads/2021/03/Grace Redefined-6.mp3,sermons/2021/grace-redefined-6.m4a
wp-content/uploads/2021/03/Grace Redefined-5.mp3,sermons/2021/grace-redefined-5.m4a
wp-content/uploads/Messages/Grace Redefined - 4.m4a,sermons/2021/grace-refined-4.m4a
wp-content/uploads/Messages/Grace redefined 3.m4a,sermons/2021/grace-redefined.m4a
wp-content/uploads/Messages/Grace redefined 2.m4a,sermons/2021/grace-redefined-2.m4a
wp-content/uploads/2021/02/Grace-Redefined-1.mp3,sermons/2021/grace-redefined-1.m4a
wp-content/uploads/Messages/Walking in Gods timing.m4a,sermons/2021/walking-in-gods-timing-exhortation.m4a
wp-content/uploads/Messages/The counsel for the transition 3 Engaging the seasons.m4a,sermons/2021/the-counsel-for-the-transition-3-engaging-the-seasons.m4a
wp-content/uploads/Messages/Understanding the times and seasons we are.mp3,sermons/2021/understanding-the-times-and-seasons-we-are-in-pt-1.m4a
wp-content/uploads/Messages/Exhortation- Bro Fiberesima.mp3,sermons/2021/exhortation-be-ye-reconciled-to-god.m4a
wp-content/uploads/Messages/A counsel for the transition- 2.m4a,sermons/2021/a-counsel-for-the-transition-2.m4a
wp-content/uploads/Messages/The counsel for the transition.m4a,sermons/2021/the-counsel-for-the-transition.m4a
wp-content/uploads/Messages/Following the Leading of the Holy Spirit -2.mp3,sermons/2021/following-the-leading-of-the-spirit-2.m4a
wp-content/uploads/Messages/following the leading of the Spirit 1.mp3,sermons/2021/following-the-leading-of-the-spirit-1.m4a
wp-content/uploads/Messages/New Wine Skin.mp3,sermons/2020/the-new-wine.m4a
wp-content/uploads/Messages/Weeping in Ramah- An indication of Peace on earth.mp3,sermons/2020/weeping-in-ramah-an-indication-of-peace-on-earth-goodwill-towards-men.m4a
wp-content/uploads/Messages/The school of Christ - 5.mp3,sermons/2020/the-school-of-christ-5.m4a
wp-content/uploads/Messages/The School of Christ- 4.mp3,sermons/2020/the-school-of-christ-4.m4a
wp-content/uploads/Messages/The School of Christ -3.mp3,sermons/2020/the-school-of-christ-3.m4a
wp-content/uploads/Messages/The school of Christ - 2.mp3,sermons/2020/the-school-of-christ-2.m4a
wp-content/uploads/Messages/The school of Christ- 1. Bro Emmanuel Igunbor.m4a,sermons/2020/the-school-of-christ-1.m4a
wp-content/uploads/Messages/Praying in the will of the Father-3.m4a,sermons/2020/praying-in-the-will-of-the-father-3.m4a
wp-content/uploads/Messages/Praying-in-the-Will-of-God-2.m4a,sermons/2020/praying-in-the-will-of-the-father-2.m4a
wp-content/uploads/Messages/Praying in the Will of the Father.m4a,sermons/2020/praying-in-the-will-of-the-father.m4a
wp-content/uploads/Messages/Light unto Salvation.m4a,sermons/2020/light-unto-salvation.m4a
wp-content/uploads/Messages/The Chariots of Israel and the Horsemen thereof Ag.m4a,sermons/2020/the-chariots-of-israel-the-agents-of-accelerated-advantage.m4a
wp-content/uploads/Messages/The Lord is that Spirit.m4a,sermons/2020/the-lord-is-that-spirit.m4a
wp-content/uploads/Messages/The Silver The Gold and the Tribes.m4a,sermons/2020/the-silver-the-gold-and-the-tribes.m4a
wp-content/uploads/Messages/Conquest to the build up of hours through abundant provision from star to star.m4a,sermons/2020/conquest-to-the-build-up-of-hours-through-abundant-provision-from-star-to-star-day-3.m4a
wp-content/uploads/Messages/The day of the Lords vengeance- Day 2 conference.m4a,sermons/2020/the-day-of-vengeance-conference-2020-day-2.m4a
wp-content/uploads/Messages/Keeping the Unity of the Body- Endeavouring.m4a,sermons/2020/keeping-the-unity-of-the-spirit-endeavouring.m4a
wp-content/uploads/Messages/Who has Believed our Report.m4a,sermons/2020/who-has-believed-our-report.m4a
wp-content/uploads/Messages/The Power of importunity.m4a,sermons/2020/the-power-of-importunity.m4a
wp-content/uploads/Messages/Preparation for the annointing -2 Bro Kim.m4a,sermons/2020/partaking-for-the-anointing-circumcision-2.m4a
wp-content/uploads/Messages/the covenant- Bro Kim Page.m4a,sermons/2020/partaking-of-the-covenant-circumcision.m4a
wp-content/uploads/Messages/The protectors of the Apostolic Heritage- 3.m4a,sermons/2020/the-protectors-of-the-apostolic-heritage-3.m4a
wp-content/uploads/Messages/The protectors of the apostolic faith -2.m4a,sermons/2020/the-protectors-of-the-apostolic-heritage-2.m4a
wp-content/uploads/Messages/The Protectors of the Apostolic Heritage.m4a,sermons/2020/the-protectors-of-the-apostolic-heritage.m4a
wp-content/uploads/Messages/Dry Bones shall rise again - Daniel Igbre.m4a,sermons/2020/dry-bones-shall-rise-again.m4a
wp-content/uploads/Messages/a change of desire A prerequisite for spiritual growth.m4a,sermons/2020/a-change-in-desire-a-prerequisite-for-spiritual-growth-2.m4a
wp-content/uploads/Messages/A change of Desire- A prerequisite for spiritual growth.m4a,sermons/2020/a-change-of-desire-a-prerequisite-for-spiritual-growth.m4a
wp-content/uploads/Messages/True Worshippers 2.m4a,sermons/2020/true-worshippers-2.m4a
wp-content/uploads/Messages/True worshippers - Bro Samuel Agboola.m4a,sermons/2020/true-worshippers.m4a
wp-content/uploads/Messages/The prayerlifeofJesus5.mp3,sermons/2020/the-prayer-life-of-jesus-5.m4a
wp-content/uploads/Messages/The prayerlifeofJesus4.mp3,sermons/2020/the-prayer-life-of-jesus-4.m4a
wp-content/uploads/Messages/The fellowship of His Son- A call to Sonship.m4a,sermons/2020/the-fellowship-of-the-don-a-call-to-sonship.m4a
wp-content/uploads/Messages/The prayerlifeofJesus3.mp3,sermons/2020/the-prayer-life-of-jesus-3.m4a
wp-content/uploads/Messages/The prayerlifeofJesus2.mp3,sermons/2020/the-prayer-life-of-jesus-2.m4a
wp-content/uploads/Messages/The prayerlifeofJesus1.mp3,sermons/2020/the-prayer-life-of-jesus-1.m4a
wp-content/uploads/Messages/The just shall live by faith - We have not believed in a lie.m4a,sermons/2020/the-just-shall-live-by-faith-we-have-not-believed-a-lie.m4a
wp-content/uploads/Messages/The manifestations of the Sons of God 2.mp3,sermons/2020/the-manifestation-of-the-sons-of-god-2.m4a
wp-content/uploads/Messages/Christ our true vine.m4a,sermons/2020/christ-our-true-vine.m4a
wp-content/uploads/Messages/Join Thyself to this Chariot.mp3,sermons/2020/join-thyself-to-this-chariot.m4a
wp-content/uploads/Messages/The covenant 2. Bro samuel Agboola.m4a,sermons/2020/the-covenant-2.m4a
wp-content/uploads/Messages/The Covenant - Bro Sam.mp3,sermons/2020/the-covenant.m4a
wp-content/uploads/Messages/The ministry of the Ox in Prayer.mp3,sermons/2020/the-ministry-of-the-ox-in-prayer.m4a
wp-content/uploads/Messages/Exploring the riches of the Kingdom- The peace of God.m4a,sermons/2020/exploring-the-riches-of-the-kingdom-the-peace-of-god.m4a
wp-content/uploads/Messages/Know no man after the flesh.m4a,sermons/2020/know-no-man-after-the-flesh.m4a
wp-content/uploads/Messages/The Ministry of the Holy Spirit.m4a.m4a,sermons/2020/the-ministry-of-the-holy-spirit-in-the-life-of-a-believer.m4a
wp-content/uploads/Messages/The blessed hope.m4a,sermons/2020/the-blessed-hope.m4a
wp-content/uploads/Messages/Being a true disciple of Christ..m4a,sermons/2020/being-a-true-disciple-of-christ.m4a
wp-content/uploads/Messages/What house will ye build me_ Daniel Yinka (1).m4a,sermons/2020/what-house-would-you-build-me.m4a
wp-content/uploads/Messages/What do you have- Bro Salawu.m4a,sermons/2020/what-do-you-have-to-give.m4a
wp-content/uploads/Messages/Christ the pattern for our generation - Bro yinka.m4a,sermons/2020/christ-the-pattern-for-our-generation.m4a
wp-content/uploads/Messages/The King has brought me into His chambers.m4a,sermons/2020/the-king-has-brought-me-to-his-chambers.m4a
wp-content/uploads/Messages/Resting on the proceeding word of God copy - Daniel Salawu et al.m4a,sermons/2020/resting-on-the-proceeding-word-of-god.m4a
wp-content/uploads/Messages/What awaits you ( Rewards of an overcomer) - Bro Olayinka.m4a,sermons/2020/what-awaits-you-the-reward-of-an-overcomer.m4a
wp-content/uploads/Messages/You are the salt of the earth - Bro Rukky.m4a,sermons/2020/you-are-the-salt-of-the-earth.m4a
"wp-content/uploads/Messages/Excerpts from the Deliverance, Restoration, Glory and vengeance of the Vine. m4a (1).m4a",sermons/2020/excerpts-from-the-deliverance-restoration-glory-and-vengeance-of-the-vine.m4a
wp-content/uploads/Messages/20200315-104721.m4a,sermons/2020/the-first-fruits-of-israel.m4a
wp-content/uploads/Messages/Write the vision - Part 2.m4a,sermons/2020/write-the-vision-pt-2.m4a
wp-content/uploads/Messages/The beleivers authority- Bro Olayinka.m4a,sermons/2020/the-believers-authority.m4a
wp-content/uploads/Messages/Write the Vision 1 - Bro Sam Agboola.m4a,sermons/2020/write-the-vision-1.m4a
wp-content/uploads/Messages/the vessel meet for the Masters use  consecration - 5.m4a,sermons/2020/a-vessel-meet-for-the-masters-use-consecration-5.m4a
wp-content/uploads/Messages/A vessel meet for the Master’s use 4.m4a,sermons/2020/a-vessel-meet-for-the-masters-use-consecration-4.m4a
wp-content/uploads/Messages/The two kingdoms and the law that governs them 2 - Sis Bukky.m4a,sermons/2020/the-two-kingdoms-and-the-laws-that-govern-them-2.m4a
wp-content/uploads/Messages/The two Kingdoms and the Laws that Govern them - Aunty Bukky.m4a,sermons/2020/the-two-kingdoms-and-the-laws-that-govern-them.m4a
wp-content/uploads/Messages/The Gospel- Bro Tolu.m4a,sermons/2020/the-gospel.m4a
wp-content/uploads/Messages/The grace of a wise master builder- bro Eli-1.m4a,sermons/2020/the-grace-of-a-wise-master-builder.m4a
wp-content/uploads/Messages/A scheduled delay in the midnight hour- Bro Eli.m4a,sermons/2020/a-scheduled-delay-in-the-midnight-hour.m4a
wp-content/uploads/Messages/The Glorious war - The art of fighting like God 2. Bro Emmanuel.m4a,sermons/2020/the-glorious-war-the-art-of-fighting-like-god-2.m4a
wp-content/uploads/Messages/The Glorious War- The art of fighting like God - Bro Emmanuel Igunbor .m4a,sermons/2019/the-glorious-war-the-art-of-fighting-like-god.m4a
wp-content/uploads/Messages/Exhortation - Understanding your purpose- Bro Tolu .m4a,sermons/2019/the-faith-of-the-son-of-god.m4a
wp-content/uploads/Messages/The Spirit of Grace -Bro Rukky.m4a,sermons/2019/the-spirit-of-grace.m4a
wp-content/uploads/Messages/how to become a stronger christian.m4a,sermons/2019/how-to-become-a-stronger-christian.m4a
wp-content/uploads/Messages/The effectual Priesthood - Bro Rukky.m4a,sermons/2019/the-effectual-priesthood.m4a
wp-content/uploads/Messages/A vessel meet for the Master's use- Consecration Bro Sam.m4a,sermons/2019/a-vessel-meet-for-the-masters-use-consecration-1.m4a
wp-content/uploads/Messages/The faithful priesthood - Occupy till I come.m4a,sermons/2019/the-faithful-priesthood-4.m4a
wp-content/uploads/Messages/The faithful priesthood -3.m4a,sermons/2019/the-faithful-priesthood-3.m4a
wp-content/uploads/Messages/The faithful priesthood 2.m4a,sermons/2019/the-faithful-priesthood-2.m4a
wp-content/uploads/Messages/Living in the light of Gods word- bro Sola.m4a,sermons/2019/the-faithful-priesthood-1.m4a
wp-content/uploads/Messages/The stars in their courses-1.m4a,sermons/2019/the-stars-in-their-courses.m4a
wp-content/uploads/Messages/The Shepherd and the Son 3. Bro Olayinka.m4a,sermons/2019/the-shepherd-and-the-son-3.m4a
wp-content/uploads/Messages/The shepherd and The Son 2. Bro Daniel Yinka.m4a,sermons/2019/the-shepherd-and-the-son-2.m4a
wp-content/uploads/Messages/The shepherd and the Son 1. Bro Olayinka.m4a,sermons/2019/the-shepherd-and-the-son.m4a
wp-content/uploads/Messages/Cinematography of the throne room. Bro Chidera-1.m4a,sermons/2019/cinematography-of-the-throne-room.m4a
wp-content/uploads/Messages/Hosting the presence of God 2. Bro Daniel W.m4a,sermons/2019/hosting-the-presence-of-god-2.m4a
wp-content/uploads/Messages/Hosting the presence of God- Bro Daniel W.m4a,sermons/2019/hosting-the-presence-of-god-1.m4a
wp-content/uploads/Messages/God's letter to man - Pt 3. Bro Tolu.m4a,sermons/2019/gods-letter-to-man-3.m4a
wp-content/uploads/Messages/God's letter to man. Bro Tolu.m4a,sermons/2019/gods-letter-to-man-1.m4a
wp-content/uploads/Messages/Bro kim- matthew 25.m4a,sermons/2019/matthew-25-the-marriage-of-the-lamb.m4a
wp-content/uploads/Messages/Bro Kim- The ingredients of the annointing oil.m4a,sermons/2019/ingredients-for-the-anointing-oil.m4a
wp-content/uploads/Songs/ABUNDANT LIFE AND PEACE–OUTGROWTH OF GOD’S REST 3.m4a,sermons/2019/life-abundant-life-life-more-abundant-3.m4a
"wp-content/uploads/Messages/Day 1. Life, abundant life,more abindant life.m4a",sermons/2019/life-abundant-life-life-more-abundant.m4a
wp-content/uploads/Messages/The Flesh & The Spirit- Two Rival forces.m4a,sermons/2019/the-flesh-the-spirit-two-rival-forces.m4a
wp-content/uploads/Messages/Give unto the Lord oh ye Mighty.m4a,sermons/2019/give-unto-the-lord-oh-ye-mighty.m4a
wp-content/uploads/Messages/The revelation of Jesus pt 2. Bro salawu.m4a,sermons/2019/the-revelation-of-jesus-christ-2.m4a
wp-content/uploads/Messages/The revelation of Jesus Christ- Bro Salawu.m4a,sermons/2019/the-revelation-of-jesus-christ-1.m4a
wp-content/uploads/Messages/Borrow not a few pt 2. Bro yinka.m4a,sermons/2019/borrow-not-a-few-2.m4a
wp-content/uploads/Messages/Borrow not a few- Bro Olayinka.m4a,sermons/2019/borrow-not-a-few.m4a
wp-content/uploads/Messages/The name of the Lord. Sis-Aminat.m4a,sermons/2019/the-name-of-the-lord.m4a
wp-content/uploads/Messages/Built up by the word of His grace pt 2. Bro rukky.m4a,sermons/2019/built-up-by-the-word-of-his-grace-2.m4a
wp-content/uploads/Messages/Built up by the word of grace pt 1- Bro rukky.m4a,sermons/2019/built-up-by-the-word-of-his-grace-1.m4a
"wp-content/uploads/Messages/Awake O Zion, 2. Matthew 25.m4a",sermons/2019/awake-o-zion-2.m4a
wp-content/uploads/Messages/Awake O zion - Bro Daniel.m4a,sermons/2019/awake-o-zion.m4a
wp-content/uploads/Messages/The kingdom Mentality- bro Sam.m4a,sermons/2018/developing-a-kingdom-mentality.m4a
wp-content/uploads/Messages/Genesis day 3.m4a,sermons/2018/genesis-1-third-day-of-creation.m4a
wp-content/uploads/Messages/Day 2 Genesis Bro Sam.m4a,sermons/2018/genesis-1-second-day-of-creation.m4a
wp-content/uploads/Messages/Day 1 Genesis- Bro samuel.mp3,sermons/2018/genesis-1-day-1-creation.m4a
wp-content/uploads/Messages/Entering the realities of Christ- the entrances-2.m4a,sermons/2018/entering-into-the-glories-of-christ-2-the-entrances.m4a
wp-content/uploads/Messages/Entering into the glories of Christ - pt 1..m4a,sermons/2018/entering-into-the-glories-of-christ.m4a
wp-content/uploads/Messages/Wisdom and foolishness- Sis kemi.m4a,sermons/2018/wisdom-and-foolishness.m4a
wp-content/uploads/Messages/Death is swallowed up by life.m4a,sermons/2018/death-is-swallowed-up-by-life.m4a
wp-content/uploads/Messages/The vision- Who shall declare His generation pt 5.m4a,sermons/2017/who-shall-declare-his-generation-5.m4a
wp-content/uploads/Messages/Who shall declare His generation -Bros Tolu 4.m4a,sermons/2017/who-shall-declare-his-generation-4.m4a
wp-content/uploads/Messages/Who shall declare Hid generation- 3. Bros Tolu.m4a,sermons/2017/who-shall-declare-his-generation-3.m4a
wp-content/uploads/Messages/Who shall declare His generation- 2 Bros Tolu.m4a,sermons/2017/who-shall-declare-his-generation-pt-2.m4a
wp-content/uploads/Messages/Bros Tolu. Who shall declare His generation 1.m4a,sermons/2017/who-shall-declare-his-generation.m4a
wp-content/uploads/Messages/The path of the cross - Bro rukky.m4a,sermons/2017/the-path-of-the-cross.m4a
wp-content/uploads/Messages/The distressed overcomer.m4a,sermons/2017/the-distressed-overcomer.m4a
